{"title": "iphone", "date": "15/12/20 17:01:03", "best_item": {"asin": "B08L8DV7BX", "url": "https://www.amazon.in/dp/B08L8DV7BX", "title": "New Apple iPhone 11 (64GB) - Black", "seller": "Visit the Apple Store", "price": 51999.0}, "currency": "\u20b9", "base_link": "https://www.amazon.in", "products": [{"asin": "B08L8DV7BX", "url": "https://www.amazon.in/dp/B08L8DV7BX", "title": "New Apple iPhone 11 (64GB) - Black", "seller": "Visit the Apple Store", "price": 51999.0}, {"asin": "B08L8BJ9VC", "url": "https://www.amazon.in/dp/B08L8BJ9VC", "title": "New Apple iPhone 11 (128GB) - Black", "seller": "Visit the Apple Store", "price": 58999.0}]}