{"title": "laptops", "date": "15/12/20 11:33:40", "best_item": {"asin": "B08N18DV1Z", "url": "https://www.amazon.in/dp/B08N18DV1Z", "title": "Lenovo V145-AMD-A6 15.6 inch HD Laptop (4GB RAM/ 1TB HDD/ Windows 10 Home/ Black/ 2.1 kg), 81MT006YIH", "seller": "Visit the Lenovo Store", "price": 26000.0}, "currency": "\u20b9", "base_link": "https://www.amazon.in", "products": [{"asin": "B08N18DV1Z", "url": "https://www.amazon.in/dp/B08N18DV1Z", "title": "Lenovo V145-AMD-A6 15.6 inch HD Laptop (4GB RAM/ 1TB HDD/ Windows 10 Home/ Black/ 2.1 kg), 81MT006YIH", "seller": "Visit the Lenovo Store", "price": 26000.0}, {"asin": "B08JCDHPGF", "url": "https://www.amazon.in/dp/B08JCDHPGF", "title": "Lenovo IdeaPad Slim 3 AMD 3020e 15.6 inch HD Thin and Light Laptop (4GB/1TB HDD/Windows 10/Integrated AMD Radeon Graphics/Platinum Grey/1.85Kg), 81W100VFIN", "seller": "Visit the Lenovo Store", "price": 27490.0}]}