{"title": "mi ", "date": "14/12/20 12:13:09", "best_item": {"pid": "redmi-note-8-neptune-blue-64-gb/p/itm873f03260c0a7?pid=MOBFHFFSG69TGSXQ", "url": "https://www.flipkart.com/redmi-note-8-neptune-blue-64-gb/p/itm873f03260c0a7?pid=MOBFHFFSG69TGSXQ", "title": "Redmi Note 8 (Neptune Blue, 64 GB)  (4 GB RAM)", "seller": "PETILANTE Online4.3", "price": "\u20b911,499\u20b912,99911% off"}, "currency": "\u20b9", "base_link": "https://www.flipkart.com", "products": [{"pid": "redmi-note-8-neptune-blue-64-gb/p/itm873f03260c0a7?pid=MOBFHFFSG69TGSXQ", "url": "https://www.flipkart.com/redmi-note-8-neptune-blue-64-gb/p/itm873f03260c0a7?pid=MOBFHFFSG69TGSXQ", "title": "Redmi Note 8 (Neptune Blue, 64 GB)  (4 GB RAM)", "seller": "PETILANTE Online4.3", "price": "\u20b911,499\u20b912,99911% off"}, {"pid": "redmi-8a-dual-midnight-grey-32-gb/p/itm750a188659f57?pid=MOBFP7655HZQ6ZKD", "url": "https://www.flipkart.com/redmi-8a-dual-midnight-grey-32-gb/p/itm750a188659f57?pid=MOBFP7655HZQ6ZKD", "title": "Redmi 8A Dual (Midnight Grey, 32 GB)  (2 GB RAM)", "seller": "PETILANTE Online4.3", "price": "\u20b96,999\u20b98,49917% off"}]}