{"title": "mi tv", "date": "14/12/20 12:23:53", "best_item": {"pid": "mi-4x-108-cm-43-ultra-hd-4k-led-smart-android-tv/p/itmab87244d2fead?pid=TVSFJRFFEWHS7RQG", "url": "https://www.flipkart.com/mi-4x-108-cm-43-ultra-hd-4k-led-smart-android-tv/p/itmab87244d2fead?pid=TVSFJRFFEWHS7RQG", "title": "Mi 4X 108 cm (43) Ultra HD (4K) LED Smart Android TV", "seller": "Tayab Manch Fashions4.3", "price": "\u20b925,999\u20b928,99910% off"}, "currency": "\u20b9", "base_link": "https://www.flipkart.com", "products": [{"pid": "mi-4x-108-cm-43-ultra-hd-4k-led-smart-android-tv/p/itmab87244d2fead?pid=TVSFJRFFEWHS7RQG", "url": "https://www.flipkart.com/mi-4x-108-cm-43-ultra-hd-4k-led-smart-android-tv/p/itmab87244d2fead?pid=TVSFJRFFEWHS7RQG", "title": "Mi 4X 108 cm (43) Ultra HD (4K) LED Smart Android TV", "seller": "Tayab Manch Fashions4.3", "price": "\u20b925,999\u20b928,99910% off"}, {"pid": "mi-4x-125-7-cm-50-ultra-hd-4k-led-smart-android-tv/p/itmf5545a595ee62?pid=TVSFSFUMDQAVJYCU", "url": "https://www.flipkart.com/mi-4x-125-7-cm-50-ultra-hd-4k-led-smart-android-tv/p/itmf5545a595ee62?pid=TVSFSFUMDQAVJYCU", "title": "Mi 4X 125.7 cm (50) Ultra HD (4K) LED Smart Android TV", "seller": "OmniTechRetail4.5", "price": "\u20b931,999\u20b934,9998% off"}]}