{"title": "mi", "date": "14/12/20 18:29:05", "best_item": {"pid": "redmi-8a-dual-midnight-grey-32-gb/p/itm750a188659f57?pid=MOBFP7655HZQ6ZKD", "url": "https://www.flipkart.com/redmi-8a-dual-midnight-grey-32-gb/p/itm750a188659f57?pid=MOBFP7655HZQ6ZKD", "title": "Redmi 8A Dual (Midnight Grey, 32 GB)  (2 GB RAM)", "seller": "PETILANTE Online4.3", "price": "\u20b96,999\u20b98,49917% off"}, "currency": "\u20b9", "base_link": "https://www.flipkart.com", "products": [{"pid": "redmi-8a-dual-midnight-grey-32-gb/p/itm750a188659f57?pid=MOBFP7655HZQ6ZKD", "url": "https://www.flipkart.com/redmi-8a-dual-midnight-grey-32-gb/p/itm750a188659f57?pid=MOBFP7655HZQ6ZKD", "title": "Redmi 8A Dual (Midnight Grey, 32 GB)  (2 GB RAM)", "seller": "PETILANTE Online4.3", "price": "\u20b96,999\u20b98,49917% off"}, {"pid": "redmi-8a-dual-sky-white-32-gb/p/itmd26b2c6a047cc?pid=MOBFP7YMYFDPZVZJ", "url": "https://www.flipkart.com/redmi-8a-dual-sky-white-32-gb/p/itmd26b2c6a047cc?pid=MOBFP7YMYFDPZVZJ", "title": "Redmi 8A Dual (Sky White, 32 GB)  (2 GB RAM)", "seller": "PETILANTE Online4.3", "price": "\u20b96,999\u20b98,49917% off"}]}