{"title": "oneplus", "date": "15/12/20 11:31:49", "best_item": {"pid": "oneplus-y-series-80cm-32-inch-hd-ready-led-smart-android-tv/p/itme650a6bb8cee3?pid=TVSFVWD2ENXYGEJY", "url": "https://www.flipkart.com/oneplus-y-series-80cm-32-inch-hd-ready-led-smart-android-tv/p/itme650a6bb8cee3?pid=TVSFVWD2ENXYGEJY", "title": "OnePlus Y Series 80cm (32 inch) HD Ready LED Smart Android TV  (32HA0A00)", "seller": "OmniTechRetail4.5", "price": "13,999"}, "currency": "\u20b9", "base_link": "https://www.flipkart.com", "products": [{"pid": "oneplus-y-series-80cm-32-inch-hd-ready-led-smart-android-tv/p/itme650a6bb8cee3?pid=TVSFVWD2ENXYGEJY", "url": "https://www.flipkart.com/oneplus-y-series-80cm-32-inch-hd-ready-led-smart-android-tv/p/itme650a6bb8cee3?pid=TVSFVWD2ENXYGEJY", "title": "OnePlus Y Series 80cm (32 inch) HD Ready LED Smart Android TV  (32HA0A00)", "seller": "OmniTechRetail4.5", "price": "13,999"}, {"pid": "oneplus-y-series-108cm-43-inch-full-hd-led-smart-android-tv/p/itme3bf85dc7fef6?pid=TVSFVWD2GRQEG462", "url": "https://www.flipkart.com/oneplus-y-series-108cm-43-inch-full-hd-led-smart-android-tv/p/itme3bf85dc7fef6?pid=TVSFVWD2GRQEG462", "title": "OnePlus Y Series 108cm (43 inch) Full HD LED Smart Android TV  (43FA0A00)", "seller": "OmniTechRetail4.5", "price": "23,999"}]}