{"title": "oppo ace", "date": "14/12/20 12:12:09", "best_item": {"pid": "oppo-a31-mystery-black-128-gb/p/itm82e19f459118a?pid=MOBFPBD6ZYTJUAXN", "url": "https://www.flipkart.com/oppo-a31-mystery-black-128-gb/p/itm82e19f459118a?pid=MOBFPBD6ZYTJUAXN", "title": "OPPO A31 (Mystery Black, 128 GB)  (6 GB RAM)", "seller": "Flashtech Retail4.3", "price": "\u20b911,990\u20b915,99025% off"}, "currency": "\u20b9", "base_link": "https://www.flipkart.com", "products": [{"pid": "oppo-a31-fantasy-white-64-gb/p/itm82e19f459118a?pid=MOBFPBD67MFNGTHM", "url": "https://www.flipkart.com/oppo-a31-fantasy-white-64-gb/p/itm82e19f459118a?pid=MOBFPBD67MFNGTHM", "title": "OPPO A31 (Fantasy White, 64 GB)  (4 GB RAM)", "seller": "Flashtech Retail4.3", "price": "\u20b912,490\u20b912,9903% off"}, {"pid": "oppo-a31-mystery-black-128-gb/p/itm82e19f459118a?pid=MOBFPBD6ZYTJUAXN", "url": "https://www.flipkart.com/oppo-a31-mystery-black-128-gb/p/itm82e19f459118a?pid=MOBFPBD6ZYTJUAXN", "title": "OPPO A31 (Mystery Black, 128 GB)  (6 GB RAM)", "seller": "Flashtech Retail4.3", "price": "\u20b911,990\u20b915,99025% off"}]}