{
    "title": "oppo reno",
    "date": "15/12/20 10:34:31",
    "best_item": {
        "pid": "oppo-reno-10x-zoom-ocean-green-128-gb/p/itmfgw7vk4eebbhc?pid=MOBFGPMN5WXCWHAK",
        "url": "https://www.flipkart.com/oppo-reno-10x-zoom-ocean-green-128-gb/p/itmfgw7vk4eebbhc?pid=MOBFGPMN5WXCWHAK",
        "title": "OPPO Reno 10x Zoom (Ocean Green, 128 GB)  (6 GB RAM)",
        "seller": "XONIGHT E-Commerce4.7",
        "price": "41,990"
    },
    "currency": "\u20b9",
    "base_link": "https://www.flipkart.com",
    "products": [
        {
            "pid": "oppo-reno-10x-zoom-ocean-green-128-gb/p/itmfgw7vk4eebbhc?pid=MOBFGPMN5WXCWHAK",
            "url": "https://www.flipkart.com/oppo-reno-10x-zoom-ocean-green-128-gb/p/itmfgw7vk4eebbhc?pid=MOBFGPMN5WXCWHAK",
            "title": "OPPO Reno 10x Zoom (Ocean Green, 128 GB)  (6 GB RAM)",
            "seller": "XONIGHT E-Commerce4.7",
            "price": "41,990"
        },
        {
            "pid": "oppo-reno-10x-zoom-jet-black-128-gb/p/itmfgw7vk4eebbhc?pid=MOBFGPMNGKWJKPZ5",
            "url": "https://www.flipkart.com/oppo-reno-10x-zoom-jet-black-128-gb/p/itmfgw7vk4eebbhc?pid=MOBFGPMNGKWJKPZ5",
            "title": "OPPO Reno 10x Zoom (Jet Black, 128 GB)  (6 GB RAM)",
            "seller": "XONIGHT E-Commerce4.7",
            "price": "41,990"
        }
    ]
}