{"title": "oppo", "date": "16/12/20 15:03:48", "best_item": {"pid": "oppo-a31-fantasy-white-128-gb/p/itm82e19f459118a?pid=MOBFPBD6NMXDG6UM", "url": "https://www.flipkart.com/oppo-a31-fantasy-white-128-gb/p/itm82e19f459118a?pid=MOBFPBD6NMXDG6UM", "title": "OPPO A31 (Fantasy White, 128 GB)  (6 GB RAM)", "seller": "Flashtech Retail4.3", "price": "11,990"}, "currency": "\u20b9", "base_link": "https://www.flipkart.com", "products": [{"pid": "oppo-a31-fantasy-white-128-gb/p/itm82e19f459118a?pid=MOBFPBD6NMXDG6UM", "url": "https://www.flipkart.com/oppo-a31-fantasy-white-128-gb/p/itm82e19f459118a?pid=MOBFPBD6NMXDG6UM", "title": "OPPO A31 (Fantasy White, 128 GB)  (6 GB RAM)", "seller": "Flashtech Retail4.3", "price": "11,990"}, {"pid": "oppo-a31-mystery-black-64-gb/p/itm82e19f459118a?pid=MOBFPBD73QS7DUSD", "url": "https://www.flipkart.com/oppo-a31-mystery-black-64-gb/p/itm82e19f459118a?pid=MOBFPBD73QS7DUSD", "title": "OPPO A31 (Mystery Black, 64 GB)  (4 GB RAM)", "seller": "XONIGHT E-Commerce4.7", "price": "12,490"}]}