{"title": "redmi", "date": "16/12/20 15:06:47", "best_item": {"pid": "redmi-9i-sea-blue-64-gb/p/itm2d2ba7f6cbf65?pid=MOBFV8RYTHGA8BY9", "url": "https://www.flipkart.com/redmi-9i-sea-blue-64-gb/p/itm2d2ba7f6cbf65?pid=MOBFV8RYTHGA8BY9", "title": "Redmi 9i (Sea Blue, 64 GB)  (4 GB RAM)", "seller": "PETILANTE Online4.3", "price": "8,299"}, "currency": "\u20b9", "base_link": "https://www.flipkart.com", "products": [{"pid": "redmi-9i-sea-blue-64-gb/p/itm2d2ba7f6cbf65?pid=MOBFV8RYTHGA8BY9", "url": "https://www.flipkart.com/redmi-9i-sea-blue-64-gb/p/itm2d2ba7f6cbf65?pid=MOBFV8RYTHGA8BY9", "title": "Redmi 9i (Sea Blue, 64 GB)  (4 GB RAM)", "seller": "PETILANTE Online4.3", "price": "8,299"}, {"pid": "redmi-9i-nature-green-64-gb/p/itm2e2fcd7b3eb7b?pid=MOBFV8RYNA4FVEH7", "url": "https://www.flipkart.com/redmi-9i-nature-green-64-gb/p/itm2e2fcd7b3eb7b?pid=MOBFV8RYNA4FVEH7", "title": "Redmi 9i (Nature Green, 64 GB)  (4 GB RAM)", "seller": "PETILANTE Online4.3", "price": "8,299"}]}