{"title": "samsung tv", "date": "15/12/20 11:29:15", "best_item": {"pid": "samsung-80cm-32-inch-hd-ready-led-smart-tv-2020/p/itma5db0294e13fe?pid=TVSFQXFKMHUDYCJ3", "url": "https://www.flipkart.com/samsung-80cm-32-inch-hd-ready-led-smart-tv-2020/p/itma5db0294e13fe?pid=TVSFQXFKMHUDYCJ3", "title": "Samsung 80cm (32 inch) HD Ready LED Smart TV 2020 Edition  (UA32T4340AKXXL)", "seller": "OmniTechRetail4.5", "price": "14,990"}, "currency": "\u20b9", "base_link": "https://www.flipkart.com", "products": [{"pid": "samsung-80cm-32-inch-hd-ready-led-smart-tv-2020/p/itma5db0294e13fe?pid=TVSFQXFKMHUDYCJ3", "url": "https://www.flipkart.com/samsung-80cm-32-inch-hd-ready-led-smart-tv-2020/p/itma5db0294e13fe?pid=TVSFQXFKMHUDYCJ3", "title": "Samsung 80cm (32 inch) HD Ready LED Smart TV 2020 Edition  (UA32T4340AKXXL)", "seller": "OmniTechRetail4.5", "price": "14,990"}, {"pid": "samsung-80cm-32-inch-hd-ready-led-smart-tv-2020-voice-search/p/itm95a71efacff5f?pid=TVSFQPHJPJGKQVS3", "url": "https://www.flipkart.com/samsung-80cm-32-inch-hd-ready-led-smart-tv-2020-voice-search/p/itm95a71efacff5f?pid=TVSFQPHJPJGKQVS3", "title": "Samsung 80cm (32 inch) HD Ready LED Smart TV 2020 Edition with Voice Search  (UA32TE40FAKXXL)", "seller": "OmniTechRetail4.5", "price": "15,499"}]}