{"title": "samsung", "date": "12/12/20 10:56:20", "best_item": {"asin": "B089M2KDKW", "url": "https://www.amazon.in/dp/B089M2KDKW", "title": "Samsung Galaxy Tab S6 Lite (10.4 inch, RAM 4 GB, ROM 64 GB, Wi-Fi+LTE), Oxford Grey", "seller": "Visit the Samsung Store", "price": 31903.0}, "currency": "https://www.amazon.in", "base_link": {"min": "25000", "max": "100000"}, "products": [{"asin": "B089M2KDKW", "url": "https://www.amazon.in/dp/B089M2KDKW", "title": "Samsung Galaxy Tab S6 Lite (10.4 inch, RAM 4 GB, ROM 64 GB, Wi-Fi+LTE), Oxford Grey", "seller": "Visit the Samsung Store", "price": 31903.0}]}