{"title": "tv", "date": "15/12/20 11:30:37", "best_item": {"pid": "coocaa-109cm-43-inch-ultra-hd-4k-led-smart-android-tv/p/itmbf55c8ce3f0b6?pid=TVSFUS5D2GGN9MMM", "url": "https://www.flipkart.com/coocaa-109cm-43-inch-ultra-hd-4k-led-smart-android-tv/p/itmbf55c8ce3f0b6?pid=TVSFUS5D2GGN9MMM", "title": "Coocaa 109cm (43 inch) Ultra HD (4K) LED Smart Android TV  (43S6G Pro)", "seller": "OmniTechRetail4.5", "price": "24,999"}, "currency": "\u20b9", "base_link": "https://www.flipkart.com", "products": [{"pid": "coocaa-138cm-55-inch-ultra-hd-4k-led-smart-android-tv-hdr-10/p/itm6b21d062334ca?pid=TVSFKHZKPFR52VQD", "url": "https://www.flipkart.com/coocaa-138cm-55-inch-ultra-hd-4k-led-smart-android-tv-hdr-10/p/itm6b21d062334ca?pid=TVSFKHZKPFR52VQD", "title": "Coocaa 138cm (55 inch) Ultra HD (4K) LED Smart Android TV with HDR 10  (55S3G)", "seller": "OmniTechRetail4.5", "price": "31,999"}, {"pid": "coocaa-109cm-43-inch-ultra-hd-4k-led-smart-android-tv/p/itmbf55c8ce3f0b6?pid=TVSFUS5D2GGN9MMM", "url": "https://www.flipkart.com/coocaa-109cm-43-inch-ultra-hd-4k-led-smart-android-tv/p/itmbf55c8ce3f0b6?pid=TVSFUS5D2GGN9MMM", "title": "Coocaa 109cm (43 inch) Ultra HD (4K) LED Smart Android TV  (43S6G Pro)", "seller": "OmniTechRetail4.5", "price": "24,999"}]}