{"title": "vivo", "date": "15/12/20 17:37:20", "best_item": {"pid": "vivo-high-bass-earphones-noise-isolating-1101-wired-headset/p/itm336596579967f?pid=ACCFQ2E5MDS3FKEH", "url": "https://www.flipkart.com/vivo-high-bass-earphones-noise-isolating-1101-wired-headset/p/itm336596579967f?pid=ACCFQ2E5MDS3FKEH", "title": "vivo High Bass Earphones Noise Isolating 1101 Wired Headset  (White, In the Ear)", "seller": "UniqueOnline3.8", "price": "175"}, "currency": "\u20b9", "base_link": "https://www.flipkart.com", "products": [{"pid": "vivo-high-bass-earphones-noise-isolating-white-1103-wired-headset/p/itm7ffad8dc870b0?pid=ACCFUZQWAGHGHSXN", "url": "https://www.flipkart.com/vivo-high-bass-earphones-noise-isolating-white-1103-wired-headset/p/itm7ffad8dc870b0?pid=ACCFUZQWAGHGHSXN", "title": "vivo High Bass Earphones Noise Isolating White 1103 Wired Headset  (White, In the Ear)", "seller": "Zeebra trade4.7", "price": "189"}, {"pid": "vivo-high-bass-earphones-noise-isolating-1101-wired-headset/p/itm336596579967f?pid=ACCFQ2E5MDS3FKEH", "url": "https://www.flipkart.com/vivo-high-bass-earphones-noise-isolating-1101-wired-headset/p/itm336596579967f?pid=ACCFQ2E5MDS3FKEH", "title": "vivo High Bass Earphones Noise Isolating 1101 Wired Headset  (White, In the Ear)", "seller": "UniqueOnline3.8", "price": "175"}]}